{"cameraMode":{"drawMode":0,"name":"Shaded","section":"Shading Mode"},"sceneLighting":false,"audioPlay":false,"sceneViewState":{"showFog":true,"showMaterialUpdate":false,"showSkybox":false,"showFlares":true,"showImageEffects":true,"showParticleSystems":true},"in2DMode":false,"pivot":{"x":-0.027691543102264406,"y":0.3530004024505615,"z":0.40266966819763186},"rotation":{"x":-0.17736509442329408,"y":-0.04545409977436066,"z":0.008200421929359436,"w":-0.983065664768219},"size":1.7449488639831544,"orthographic":false}